host,count_403
www.sephora.com,130
editorialist.com,19
www.sephora.com.kw,8
cdn1.feelunique.com,6
www.sephora.fr,5
www.sephora.gr,5
www.sephora.ae,5
www.fresh.com,4
image.influenster.com,4
www.adorebeauty.com.au,4
media.sephora.eu,3
www.edcskincare.com,3
www.dior.com,3
www.sephora.es,3
johnlewis.scene7.com,2
www.adorebeauty.co.nz,2
www.sephora.com.tr,2
image.s5a.com,2
www.sephora.qa,2
www.sephora.co.uk,2
media.iciparisxl.nl,2
www.sephora.de,2
images.qvc.com,1
www.perfumeemporium.com,1
www.beautybrands.com,1
images.bloomingdales.com,1
i01.hsncdn.com,1
www.sephora.pt,1
www.laladaisy.com,1
www.sephora.dk,1
www.sephora.pl,1
www.tillys.com,1
www.houseoffraser.co.uk,1
www.sephora.bh,1
media.iciparisxl.be,1
perfumebox.gr,1
www.oskincare.com.my,1
www.sephora.com.mx,1
www.tejar.com,1
fentyvibes.com,1
wisteriajaneofficial.com,1
dermwarehouse.com,1
img-product.sephora.me,1
i02.hsncdn.com,1
www.vonmaur.com,1
www.pricerunner.dk,1
media.gucci.com,1
www.benefitcosmetics.com,1
